"Date","Open","High","Low","Close","Adj Close","Volume"
1577941200,74.059998,75.150002,73.797501,75.087502,73.894325,135480400
1578027600,74.287498,75.144997,74.125,74.357498,73.175919,146322800
1578286800,73.447502,74.989998,73.1875,74.949997,73.759018,118387200
1578373200,74.959999,75.224998,74.370003,74.597504,73.412117,108872000
1578459600,74.290001,76.110001,74.290001,75.797501,74.593056,132079200
1578546000,76.809998,77.607498,76.550003,77.407501,76.17746,170108400
1578632400,77.650002,78.167503,77.0625,77.582497,76.34967,140644800
1578891600,77.910004,79.267502,77.787498,79.239998,77.980843,121532000
1578978000,79.175003,79.392502,78.042503,78.169998,76.927834,161954400
1579064400,77.962502,78.875,77.387497,77.834999,76.59816,121923600
1579150800,78.397499,78.925003,78.022499,78.809998,77.557663,108829200
1579237200,79.067497,79.684998,78.75,79.682503,78.416313,137816400
1579582800,79.297501,79.754997,79,79.142502,77.884888,110843200
1579669200,79.644997,79.997498,79.327499,79.425003,78.162895,101832400
1579755600,79.480003,79.889999,78.912498,79.807503,78.539314,104472000
1579842000,80.0625,80.832497,79.379997,79.577499,78.312965,146537600
1580101200,77.514999,77.942497,76.220001,77.237503,76.010155,161940000
1580187600,78.150002,79.599998,78.047501,79.422501,78.160439,162234000
1580274000,81.112503,81.962502,80.345001,81.084999,79.796516,216229200
1580360400,80.135002,81.022499,79.6875,80.967499,79.680885,126743200
1580446800,80.232498,80.669998,77.072502,77.377502,76.147934,199588400
1580706000,76.074997,78.372498,75.555,77.165001,75.938812,173788400
1580792400,78.827499,79.910004,78.407501,79.712502,78.445839,136616400
1580878800,80.879997,81.190002,79.737503,80.362503,79.085503,118826800
1580965200,80.642502,81.305,80.065002,81.302498,80.010567,105425600
1581051600,80.592499,80.849998,79.5,80.0075,78.922997,117684000
1581310800,78.544998,80.387497,78.462502,80.387497,79.297852,109348800
1581397200,80.900002,80.974998,79.677498,79.902496,78.81942,94323200
1581483600,80.3675,81.805,80.3675,81.800003,80.691216,113730400
1581570000,81.047501,81.555,80.837502,81.217499,80.116615,94747600
1581656400,81.184998,81.495003,80.712502,81.237503,80.136337,80113600
1582002000,78.839996,79.9375,78.652496,79.75,78.668999,152531200
1582088400,80,81.142502,80,80.904999,79.808342,93984000
1582174800,80.657501,81.162498,79.552498,80.074997,78.989586,100566000
1582261200,79.654999,80.112503,77.625,78.262497,77.20166,129554000
1582520400,74.315002,76.044998,72.307503,74.544998,73.534546,222195200
1582606800,75.237503,75.6325,71.532501,72.019997,71.04377,230673600
1582693200,71.6325,74.470001,71.625,73.162498,72.170792,198054800
1582779600,70.275002,71.5,68.239998,68.379997,67.453125,320605600
1582866000,64.315002,69.602501,64.092499,68.339996,67.413658,426510000
1583125200,70.57,75.360001,69.43,74.702499,73.689903,341397200
1583211600,75.917503,76,71.449997,72.330002,71.349579,319475600
1583298000,74.110001,75.849998,73.282501,75.684998,74.659088,219178400
1583384400,73.879997,74.887497,72.852501,73.230003,72.237381,187572800
1583470800,70.5,72.705002,70.307503,72.2575,71.278069,226176800
1583726400,65.9375,69.522499,65.75,66.542503,65.640526,286744800
1583812800,69.285004,71.610001,67.342499,71.334999,70.368065,285290000
1583899200,69.347504,70.305,67.964996,68.857498,67.924133,255598800
1583985600,63.985001,67.5,62,62.057499,61.216324,418474000
1584072000,66.222504,69.980003,63.237499,69.4925,68.550537,370732000
1584331200,60.487499,64.769997,60,60.552502,59.73172,322423600
1584417600,61.877499,64.402496,59.599998,63.215,62.358128,324056000
1584504000,59.942501,62.5,59.279999,61.6675,60.831608,300233600
1584590400,61.8475,63.209999,60.6525,61.195,60.365509,271857200
1584676800,61.794998,62.9575,57,57.310001,56.533169,401693200
1584936000,57.02,57.125,53.1525,56.092499,55.332169,336752800
1585022400,59.09,61.922501,58.575001,61.720001,60.883396,287531200
1585108800,62.6875,64.5625,61.075001,61.380001,60.547997,303602000
1585195200,61.630001,64.669998,61.59,64.610001,63.734219,252087200
1585281600,63.1875,63.967499,61.762501,61.935001,61.095474,204216800
1585540800,62.685001,63.880001,62.349998,63.702499,62.83902,167976400
1585627200,63.900002,65.622498,63,63.572498,62.710781,197002000
1585713600,61.625,62.18,59.782501,60.227501,59.411129,176218400
1585800000,60.084999,61.287498,59.224998,61.232498,60.402496,165934000
1585886400,60.700001,61.424999,59.7425,60.352501,59.534428,129880000
1586145600,62.724998,65.777496,62.345001,65.6175,64.728065,201820400
1586232000,67.699997,67.925003,64.75,64.857498,63.978378,202887200
1586318400,65.684998,66.842499,65.307503,66.517502,65.615868,168895200
1586404800,67.175003,67.517502,66.175003,66.997498,66.089355,161834800
1586750400,67.077499,68.425003,66.457497,68.3125,67.386543,131022800
1586836800,70,72.0625,69.512497,71.762497,70.789764,194994800
1586923200,70.599998,71.582497,70.157501,71.107498,70.143646,131154400
1587009600,71.845001,72.050003,70.587502,71.672501,70.700996,157125200
1587096000,71.172501,71.737503,69.214996,70.699997,69.741676,215250000
1587355200,69.487503,70.419998,69.212502,69.232498,68.294052,130015200
1587441600,69.07,69.3125,66.357498,67.092499,66.183067,180991600
1587528000,68.402496,69.474998,68.050003,69.025002,68.089378,116862400
1587614400,68.967499,70.4375,68.717499,68.7575,67.8255,124814400
1587700800,69.300003,70.752502,69.25,70.7425,69.7836,126161200
1587960000,70.449997,71.135002,69.987503,70.792503,69.832909,117087600
1588046400,71.269997,71.457497,69.550003,69.644997,68.700974,112004800
1588132800,71.182503,72.417503,70.972504,71.932503,70.957466,137280800
1588219200,72.489998,73.6325,72.087502,73.449997,72.454384,183064000
1588305600,71.5625,74.75,71.462502,72.267502,71.28791,240616800
1588564800,72.292503,73.422501,71.580002,73.290001,72.296562,133568000
1588651200,73.764999,75.25,73.614998,74.389999,73.381653,147751200
1588737600,75.114998,75.809998,74.717499,75.157501,74.138748,142333600
1588824000,75.805,76.292503,75.4925,75.934998,74.905693,115215200
1588910400,76.410004,77.587502,76.072502,77.532501,76.688591,133838400
1589169600,77.025002,79.262497,76.809998,78.752502,77.895317,145946400
1589256000,79.457497,79.922501,77.727501,77.852501,77.005119,162301200
1589342400,78.037498,78.987503,75.802498,76.912498,76.075333,200622400
1589428800,76.127502,77.447502,75.3825,77.385002,76.542702,158929200
1589515200,75.087502,76.974998,75.052498,76.927498,76.090172,166348400
1589774400,78.292503,79.125,77.580002,78.739998,77.882942,135178400
1589860800,78.7575,79.629997,78.252502,78.285004,77.432907,101729600
1589947200,79.169998,79.879997,79.129997,79.807503,78.938835,111504800
1590033600,79.665001,80.222504,78.967499,79.212502,78.350311,102688800
1590120000,78.942497,79.807503,78.837502,79.722504,78.854767,81803200
1590465600,80.875,81.059998,79.125,79.182503,78.320625,125522000
1590552000,79.035004,79.677498,78.272499,79.527496,78.661865,112945200
1590638400,79.192497,80.860001,78.907501,79.5625,78.696503,133560800
1590724800,79.8125,80.287498,79.1175,79.485001,78.619843,153532400
1590984000,79.4375,80.587502,79.302498,80.462502,79.586708,80791200
1591070400,80.1875,80.860001,79.732498,80.834999,79.955139,87642800
1591156800,81.165001,81.550003,80.574997,81.279999,80.395302,104491200
1591243200,81.097504,81.404999,80.195,80.580002,79.702927,87560400
1591329600,80.837502,82.9375,80.807503,82.875,81.972939,137250400
1591588800,82.5625,83.400002,81.830002,83.364998,82.457611,95654400
1591675200,83.035004,86.402496,83.002502,85.997498,85.061455,147712400
1591761600,86.974998,88.692497,86.522499,88.209999,87.249863,166651600
1591848000,87.327499,87.764999,83.870003,83.974998,83.060966,201662400
1591934400,86.18,86.949997,83.555,84.699997,83.778069,200146000
1592193600,83.3125,86.419998,83.144997,85.747498,84.814163,138808800
1592280000,87.864998,88.300003,86.18,88.019997,87.061943,165428800
1592366400,88.787498,88.849998,87.772499,87.897499,86.940773,114406400
1592452800,87.852501,88.362503,87.305,87.932503,86.975403,96820400
1592539200,88.660004,89.139999,86.287498,87.43,86.478348,264476000
1592798400,87.834999,89.864998,87.787498,89.717499,88.740959,135445200
1592884800,91,93.095001,90.567497,91.6325,90.635117,212155600
1592971200,91.25,92.197502,89.629997,90.014999,89.035225,192623200
1593057600,90.175003,91.25,89.392502,91.209999,90.217216,137522400
1593144000,91.102501,91.330002,88.254997,88.407501,87.445229,205256800
1593403200,88.3125,90.542503,87.82,90.445,89.460548,130646000
1593489600,90.019997,91.495003,90,91.199997,90.207329,140223200
1593576000,91.279999,91.839996,90.977501,91.027496,90.036697,110737200
1593662400,91.962502,92.6175,90.910004,91.027496,90.036697,114041600
1594008000,92.5,93.945,92.467499,93.462502,92.445198,118655600
1594094400,93.852501,94.654999,93.057503,93.172501,92.158356,112424400
1594180800,94.18,95.375,94.089996,95.342499,94.304733,117092000
1594267200,96.262497,96.317497,94.672501,95.752502,94.710281,125642800
1594353600,95.334999,95.980003,94.705002,95.919998,94.875938,90257200
1594612800,97.264999,99.955002,95.2575,95.477501,94.438263,191649200
1594699200,94.839996,97.254997,93.877502,97.057503,96.001068,170989200
1594785600,98.989998,99.247498,96.489998,97.724998,96.661316,153198000
1594872000,96.5625,97.404999,95.904999,96.522499,95.471878,110577600
1594958400,96.987503,97.147499,95.839996,96.327499,95.279007,92186800
1595217600,96.417503,98.5,96.0625,98.357498,97.286919,90318000
1595304000,99.172501,99.25,96.7425,97,95.944199,103433200
1595390400,96.692497,97.974998,96.602501,97.272499,96.213737,89001600
1595476800,96.997498,97.077499,92.010002,92.845001,91.834427,197004400
1595563200,90.987503,92.970001,89.144997,92.614998,91.606926,185438800
1595822400,93.709999,94.904999,93.480003,94.809998,93.778023,121214000
1595908800,94.3675,94.550003,93.247498,93.252502,92.23748,103625600
1595995200,93.75,95.230003,93.712502,95.040001,94.005524,90329200
1596081600,94.1875,96.297501,93.767502,96.190002,95.143021,158130000
1596168000,102.885002,106.415001,100.824997,106.260002,105.103401,374336800
1596427200,108.199997,111.637497,107.892502,108.9375,107.751762,308151200
1596513600,109.1325,110.790001,108.387497,109.665001,108.471329,173071600
1596600000,109.377502,110.392502,108.897499,110.0625,108.864502,121776800
1596686400,110.404999,114.412498,109.797501,113.902496,112.662712,202428800
1596772800,113.205002,113.675003,110.292503,111.112503,110.101242,198045600
1597032000,112.599998,113.775002,110,112.727501,111.701538,212403600
1597118400,111.970001,112.482498,109.107498,109.375,108.379555,187902400
1597204800,110.497498,113.275002,110.297501,113.010002,111.981468,165598000
1597291200,114.43,116.042503,113.927498,115.010002,113.963272,210082000
1597377600,114.830002,115,113.044998,114.907501,113.86171,165565200
1597636800,116.0625,116.087502,113.962502,114.607498,113.56443,119561600
1597723200,114.352501,116,114.0075,115.5625,114.510742,105633600
1597809600,115.982498,117.162498,115.610001,115.707497,114.654419,145538000
1597896000,115.75,118.392502,115.732498,118.275002,117.198563,126907200
1597982400,119.262497,124.8675,119.25,124.370003,123.238083,338054800
1598241600,128.697495,128.785004,123.9375,125.857498,124.712036,345937600
1598328000,124.697502,125.18,123.052498,124.824997,123.688934,211495600
1598414400,126.18,126.9925,125.082497,126.522499,125.370987,163022400
1598500800,127.142502,127.485001,123.832497,125.010002,123.872261,155552400
1598587200,126.012497,126.442497,124.577499,124.807503,123.6716,187630000
1598846400,127.580002,131,126,129.039993,127.865585,225702700
1598932800,132.759995,134.800003,130.529999,134.179993,132.958786,151948100
1599019200,137.589996,137.979996,127,131.399994,130.204086,200119000
1599105600,126.910004,128.839996,120.5,120.879997,119.779846,257599600
1599192000,120.07,123.699997,110.889999,120.959999,119.859116,332607200
1599537600,113.949997,118.989998,112.68,112.82,111.793198,231366600
1599624000,117.260002,119.139999,115.260002,117.32,116.252243,176940500
1599710400,120.360001,120.5,112.5,113.489998,112.457115,182274400
1599796800,114.57,115.230003,110,112,110.980659,180860300
1600056000,114.720001,115.93,112.800003,115.360001,114.310089,140150100
1600142400,118.330002,118.830002,113.610001,115.540001,114.488457,184642000
1600228800,115.230003,116,112.040001,112.129997,111.109482,154679000
1600315200,109.720001,112.199997,108.709999,110.339996,109.33577,178011000
1600401600,110.400002,110.879997,106.089996,106.839996,105.86763,287104900
1600660800,104.540001,110.190002,103.099998,110.080002,109.078148,195713800
1600747200,112.68,112.860001,109.160004,111.809998,110.792404,183055400
1600833600,111.620003,112.110001,106.769997,107.120003,106.145073,150718700
1600920000,105.169998,110.25,105,108.220001,107.235062,167743300
1601006400,108.43,112.440002,107.669998,112.279999,111.25811,149981400
1601265600,115.010002,115.32,112.779999,114.959999,113.913727,137672400
1601352000,114.550003,115.309998,113.57,114.089996,113.051643,99382200
1601438400,113.790001,117.260002,113.620003,115.809998,114.755981,142675200
1601524800,117.639999,117.720001,115.830002,116.790001,115.727066,116120400
1601611200,112.889999,115.370003,112.220001,113.019997,111.991371,144712000
1601870400,113.910004,116.650002,113.550003,116.5,115.439713,106243800
1601956800,115.699997,116.120003,112.25,113.160004,112.130112,161498200
1602043200,114.620003,115.550003,114.129997,115.080002,114.032631,96849000
1602129600,116.25,116.400002,114.589996,114.970001,113.923645,83477200
1602216000,115.279999,117,114.919998,116.970001,115.905434,100506900
1602475200,120.059998,125.18,119.279999,124.400002,123.267815,240226800
1602561600,125.269997,125.389999,119.650002,121.099998,119.997841,262330500
1602648000,121,123.029999,119.620003,121.190002,120.087029,150712000
1602734400,118.720001,121.199997,118.150002,120.709999,119.611397,112559200
1602820800,121.279999,121.550003,118.809998,119.019997,117.936768,115393800
1603080000,119.959999,120.419998,115.660004,115.980003,114.924446,120639300
1603166400,116.199997,118.980003,115.629997,117.510002,116.440521,124423700
1603252800,116.669998,118.709999,116.449997,116.870003,115.806351,89946000
1603339200,117.449997,118.040001,114.589996,115.75,114.696541,101988000
1603425600,116.389999,116.550003,114.279999,115.040001,113.993004,82572600
1603684800,114.010002,116.550003,112.879997,115.050003,114.002914,111850700
1603771200,115.489998,117.279999,114.540001,116.599998,115.538811,92276800
1603857600,115.050003,115.43,111.099998,111.199997,110.187943,143937800
1603944000,112.370003,116.93,112.199997,115.32,114.270447,146129200
1604030400,111.059998,111.989998,107.720001,108.860001,107.86924,190272600
1604293200,109.110001,110.68,107.32,108.769997,107.780052,122866900
1604379600,109.660004,111.489998,108.730003,110.440002,109.434868,107624400
1604466000,114.139999,115.589996,112.349998,114.949997,113.903824,138235500
1604552400,117.949997,119.620003,116.870003,119.029999,117.946686,126387100
1604638800,118.32,119.199997,116.129997,118.690002,117.812683,114457900
1604898000,120.5,121.989998,116.050003,116.32,115.460205,154515300
1604984400,115.550003,117.589996,114.129997,115.970001,115.112785,138023400
1605070800,117.190002,119.629997,116.440002,119.489998,118.606773,112295000
1605157200,119.620003,120.529999,118.57,119.209999,118.328842,103162300
1605243600,119.440002,119.669998,117.870003,119.260002,118.378464,81581900
1605502800,118.919998,120.989998,118.150002,120.300003,119.410782,91183000
1605589200,119.550003,120.669998,118.959999,119.389999,118.507515,74271000
1605675600,118.610001,119.82,118,118.029999,117.157562,76322100
1605762000,117.589996,119.059998,116.809998,118.639999,117.763054,74113000
1605848400,118.639999,118.769997,117.290001,117.339996,116.472656,73604300
1606107600,117.18,117.620003,113.75,113.849998,113.008461,127959300
1606194000,113.910004,115.849998,112.589996,115.169998,114.318703,113874200
1606280400,115.550003,116.75,115.169998,116.029999,115.172333,76499200
1606453200,116.57,117.489998,116.220001,116.589996,115.728195,46691300
1606712400,116.970001,120.970001,116.809998,119.050003,118.170029,169410200
1606798800,121.010002,123.470001,120.010002,122.720001,121.812897,127728200
1606885200,122.019997,123.370003,120.889999,123.080002,122.170235,89004200
1606971600,123.519997,123.779999,122.209999,122.940002,122.031281,78967600
1607058000,122.599998,122.860001,121.519997,122.25,121.346367,78260400
1607317200,122.309998,124.57,122.25,123.75,122.835289,86712000
1607403600,124.370003,124.980003,123.089996,124.379997,123.460617,82225500
1607490000,124.529999,125.949997,121,121.779999,120.879845,115089200
1607576400,120.5,123.870003,120.150002,123.239998,122.329048,81312200
1607662800,122.43,122.760002,120.550003,122.410004,121.505196,86939800
1607922000,122.599998,123.349998,121.540001,121.779999,120.879845,79184500
1608008400,124.339996,127.900002,124.129997,127.879997,126.934753,157243700
1608094800,127.410004,128.369995,126.559998,127.809998,126.865273,98208600
1608181200,128.899994,129.580002,128.039993,128.699997,127.748688,94359800
1608267600,128.960007,129.100006,126.120003,126.660004,125.723778,192541500
1608526800,125.019997,128.309998,123.449997,128.229996,127.282158,121251600
1608613200,131.610001,134.410004,129.649994,131.880005,130.905182,168904800
1608699600,132.160004,132.429993,130.779999,130.960007,129.992004,88223700
1608786000,131.320007,133.460007,131.100006,131.970001,130.994537,54930100
1609131600,133.990005,137.339996,133.509995,136.690002,135.679642,124486200
1609218000,138.050003,138.789993,134.339996,134.869995,133.873093,121047300
1609304400,135.580002,135.990005,133.399994,133.720001,132.731583,96452100
1609390800,134.080002,134.740005,131.720001,132.690002,131.709198,99116600
1609736400,133.520004,133.610001,126.760002,129.410004,128.453445,143301900
1609822800,128.889999,131.740005,128.429993,131.009995,130.041611,97664900
1609909200,127.720001,131.050003,126.379997,126.599998,125.664207,155088000
1609995600,128.360001,131.630005,127.860001,130.919998,129.952286,109578200
1610082000,132.429993,132.630005,130.229996,132.050003,131.073944,105158200
1610341200,129.190002,130.169998,128.5,128.979996,128.026596,100384500
1610427600,128.5,129.690002,126.860001,128.800003,127.847954,91951100
1610514000,128.759995,131.449997,128.490005,130.889999,129.922501,88636800
1610600400,130.800003,131,128.759995,128.910004,127.957138,90221800
1610686800,128.779999,130.220001,127,127.139999,126.200218,111598500
1611032400,127.779999,128.710007,126.940002,127.830002,126.885124,90757300
1611118800,128.660004,132.490005,128.550003,132.029999,131.054077,104319500
1611205200,133.800003,139.669998,133.589996,136.869995,135.858292,120150900
1611291600,136.279999,139.850006,135.020004,139.070007,138.042053,114459400
1611550800,143.070007,145.089996,136.539993,142.919998,141.863571,157611700
1611637200,143.600006,144.300003,141.369995,143.160004,142.101807,98390600
1611723600,143.429993,144.300003,140.410004,142.059998,141.009933,140843800
1611810000,139.520004,141.990005,136.699997,137.089996,136.076691,142621100
1611896400,135.830002,136.740005,130.210007,131.960007,130.984604,177523800
1612155600,133.75,135.380005,130.929993,134.139999,133.148483,106239800
1612242000,135.729996,136.309998,134.610001,134.990005,133.992203,83305400
1612328400,135.759995,135.770004,133.610001,133.940002,132.949982,89880900
1612414800,136.300003,137.399994,134.589996,137.389999,136.374451,84183100
1612501200,137.350006,137.419998,135.860001,136.759995,135.95195,75693800
1612760400,136.029999,136.960007,134.919998,136.910004,136.101089,71297200
1612846800,136.619995,137.880005,135.850006,136.009995,135.20639,76774200
1612933200,136.479996,136.990005,134.399994,135.389999,134.590057,73046600
1613019600,135.899994,136.389999,133.770004,135.130005,134.331604,64280000
1613106000,134.350006,135.529999,133.690002,135.369995,134.570175,60145100
1613451600,135.490005,136.009995,132.789993,133.190002,132.403046,80576300
1613538000,131.25,132.220001,129.470001,130.839996,130.066956,97918500
1613624400,129.199997,130,127.410004,129.710007,128.943619,96856700
1613710800,130.240005,130.710007,128.800003,129.869995,129.102661,87668800
1613970000,128.009995,129.720001,125.599998,126,125.255539,103916400
1614056400,123.760002,126.709999,118.389999,125.860001,125.116371,158273000
1614142800,124.940002,125.559998,122.230003,125.349998,124.609383,111039900
1614229200,124.68,126.459999,120.540001,120.989998,120.275139,148199500
1614315600,122.589996,124.849998,121.199997,121.260002,120.543549,164560400
1614574800,123.75,127.93,122.790001,127.790001,127.034966,116307900
1614661200,128.410004,128.720001,125.010002,125.120003,124.380745,102260900
1614747600,124.809998,125.709999,121.839996,122.059998,121.338829,112966300
1614834000,121.75,123.599998,118.620003,120.129997,119.420219,178155000
1614920400,120.980003,121.940002,117.57,121.419998,120.702599,153766600
1615179600,120.93,121,116.209999,116.360001,115.672493,154376600
1615266000,119.029999,122.059998,118.790001,121.089996,120.37455,129525800
1615352400,121.690002,122.169998,119.449997,119.980003,119.271118,111943300
1615438800,122.540001,123.209999,121.260002,121.959999,121.23941,103026500
1615525200,120.400002,121.169998,119.160004,121.029999,120.314903,88105100
1615780800,121.410004,124,120.419998,123.989998,123.257416,92403800
1615867200,125.699997,127.220001,124.720001,125.57,124.828079,115227900
1615953600,124.050003,125.860001,122.339996,124.760002,124.022873,111932600
1616040000,122.879997,123.18,120.32,120.529999,119.817856,121229700
1616126400,119.900002,121.43,119.68,119.989998,119.281052,185549500
1616385600,120.330002,123.870003,120.260002,123.389999,122.660973,111912300
1616472000,123.330002,124.239998,122.139999,122.540001,121.815987,95467100
1616558400,122.82,122.900002,120.07,120.089996,119.380455,88530500
1616644800,119.540001,121.660004,119,120.589996,119.877495,98844700
1616731200,120.349998,121.480003,118.919998,121.209999,120.493835,94071200
1616990400,121.650002,122.580002,120.730003,121.389999,120.672775,80819200
1617076800,120.110001,120.400002,118.860001,119.900002,119.191582,85671900
1617163200,121.650002,123.519997,121.150002,122.150002,121.428291,118323800
1617249600,123.660004,124.18,122.489998,123,122.27327,75089100
1617595200,123.870003,126.160004,123.07,125.900002,125.156136,88651200
1617681600,126.5,127.129997,125.650002,126.209999,125.464302,80171300
1617768000,125.830002,127.919998,125.139999,127.900002,127.144318,83466700
1617854400,128.949997,130.389999,128.520004,130.360001,129.589783,88844600
1617940800,129.800003,133.039993,129.470001,133,132.214172,106686700
1618200000,132.520004,132.850006,130.630005,131.240005,130.4646,91420000
1618286400,132.440002,134.660004,131.929993,134.429993,133.635727,91266500
1618372800,134.940002,135,131.660004,132.029999,131.249924,87222800
1618459200,133.820007,135,133.639999,134.5,133.705307,89347100
1618545600,134.300003,134.669998,133.279999,134.160004,133.367355,84922400
1618804800,133.509995,135.470001,133.339996,134.839996,134.043304,94264200
1618891200,135.020004,135.529999,131.809998,133.110001,132.323532,94812300
1618977600,132.360001,133.75,131.300003,133.5,132.711227,68847100
1619064000,133.039993,134.149994,131.410004,131.940002,131.160446,84566500
1619150400,132.160004,135.119995,132.160004,134.320007,133.526382,78657500
1619409600,134.830002,135.059998,133.559998,134.720001,133.924026,66905100
1619496000,135.009995,135.410004,134.110001,134.389999,133.595963,66015800
1619582400,134.309998,135.020004,133.080002,133.580002,132.790756,107760100
1619668800,136.470001,137.070007,132.449997,133.479996,132.691345,151101000
1619755200,131.779999,133.559998,131.070007,131.460007,130.683289,109839500
1620014400,132.039993,134.070007,131.830002,132.539993,131.756882,75135100
1620100800,131.190002,131.490005,126.699997,127.849998,127.094612,137564700
1620187200,129.199997,130.449997,127.970001,128.100006,127.34314,84000900
1620273600,127.889999,129.75,127.129997,129.740005,128.97345,78128300
1620360000,130.850006,131.259995,129.479996,130.210007,129.660553,78973300
1620619200,129.410004,129.539993,126.809998,126.849998,126.314713,88071200
1620705600,123.5,126.269997,122.769997,125.910004,125.378677,126142800
1620792000,123.400002,124.639999,122.25,122.769997,122.251923,112172300
1620878400,124.580002,126.150002,124.260002,124.970001,124.44265,105861300
1620964800,126.25,127.889999,125.849998,127.449997,126.912178,81918000
1621224000,126.82,126.93,125.169998,126.269997,125.737152,74244600
1621310400,126.559998,126.989998,124.779999,124.849998,124.323151,63342900
1621396800,123.160004,124.919998,122.860001,124.690002,124.163826,92612000
1621483200,125.230003,127.720001,125.099998,127.309998,126.772766,76857100
1621569600,127.82,128,125.209999,125.43,124.900703,79295400
1621828800,126.010002,127.940002,125.940002,127.099998,126.563652,63092900
1621915200,127.82,128.320007,126.32,126.900002,126.364502,72009500
1622001600,126.959999,127.389999,126.419998,126.849998,126.314713,56575900
1622088000,126.440002,127.639999,125.080002,125.279999,124.751335,94625600
1622174400,125.57,125.800003,124.550003,124.610001,124.084167,71311100
1622520000,125.080002,125.349998,123.940002,124.279999,123.755562,67637100
1622606400,124.279999,125.239998,124.050003,125.059998,124.532265,59278900
1622692800,124.68,124.849998,123.129997,123.540001,123.018684,76229200
1622779200,124.07,126.160004,123.849998,125.889999,125.358765,75169300
1623038400,126.169998,126.32,124.830002,125.900002,125.368721,71057600
1623124800,126.599998,128.460007,126.209999,126.739998,126.205177,74403800
1623211200,127.209999,127.75,126.519997,127.129997,126.593529,56877900
1623297600,127.019997,128.190002,125.940002,126.110001,125.577835,71186400
1623384000,126.529999,127.440002,126.099998,127.349998,126.812599,53522400
1623643200,127.82,130.539993,127.07,130.479996,129.929382,96906500
1623729600,129.940002,130.600006,129.389999,129.639999,129.092926,62746300
1623816000,130.369995,130.889999,128.460007,130.149994,129.6008,91815000
1623902400,129.800003,132.550003,129.649994,131.789993,131.233856,96721700
1623988800,130.710007,131.509995,130.240005,130.460007,129.909485,108953300
1624248000,130.300003,132.410004,129.210007,132.300003,131.741699,79663300
1624334400,132.130005,134.080002,131.619995,133.979996,133.414627,74783600
1624420800,133.770004,134.320007,133.229996,133.699997,133.135803,60214200
1624507200,134.449997,134.639999,132.929993,133.410004,132.847031,68711000
1624593600,133.460007,133.889999,132.809998,133.110001,132.548294,70783700
1624852800,133.410004,135.25,133.350006,134.779999,134.211243,62111300
1624939200,134.800003,136.490005,134.350006,136.330002,135.7547,64556100
1625025600,136.169998,137.410004,135.869995,136.960007,136.38205,63261400
1625112000,136.600006,137.330002,135.759995,137.270004,136.69075,52485800
1625198400,137.899994,140,137.75,139.960007,139.3694,78852600
1625544000,140.070007,143.149994,140.070007,142.020004,141.4207,108181800
1625630400,143.539993,144.889999,142.660004,144.570007,143.959946,104911600
1625716800,141.580002,144.059998,140.669998,143.240005,142.635559,105575500
1625803200,142.75,145.649994,142.649994,145.110001,144.497665,99890800
1626062400,146.210007,146.320007,144,144.5,143.890228,76299700
1626148800,144.029999,147.460007,143.630005,145.639999,145.025421,100827100
1626235200,148.100006,149.570007,147.679993,149.149994,148.520599,127050800
1626321600,149.240005,150,147.089996,148.479996,147.853424,106820300
1626408000,148.460007,149.759995,145.880005,146.389999,145.772263,93251400
1626667200,143.75,144.070007,141.669998,142.449997,141.848877,121434600
1626753600,143.460007,147.100006,142.960007,146.149994,145.533264,96350000
1626840000,145.529999,146.130005,144.630005,145.399994,144.786423,74993500
1626926400,145.940002,148.199997,145.809998,146.800003,146.180527,77338200
1627012800,147.550003,148.720001,146.919998,148.559998,147.93309,71447400
1627272000,148.270004,149.830002,147.699997,148.990005,148.361282,72434100
1627358400,149.119995,149.210007,145.550003,146.770004,146.15065,104818600
1627444800,144.809998,146.970001,142.539993,144.979996,144.36821,118931200
1627531200,144.690002,146.550003,144.580002,145.639999,145.025421,56699500
1627617600,144.380005,146.330002,144.110001,145.860001,145.244476,70440600
1627876800,146.360001,146.949997,145.25,145.520004,144.905945,62880000
1627963200,145.809998,148.039993,145.179993,147.360001,146.738159,64786600
1628049600,147.270004,147.789993,146.279999,146.949997,146.329895,56368300
1628136000,146.979996,147.839996,146.169998,147.059998,146.439423,46397700
1628222400,146.350006,147.110001,145.630005,146.139999,145.741333,54126800
1628481600,146.199997,146.699997,145.520004,146.089996,145.691467,48908700
1628568000,146.440002,147.710007,145.300003,145.600006,145.20282,69023100
1628654400,146.050003,146.720001,145.529999,145.860001,145.462097,48493500
1628740800,146.190002,149.050003,145.839996,148.889999,148.483841,72282600
1628827200,148.970001,149.440002,148.270004,149.100006,148.693283,59375000
1629086400,148.539993,151.190002,146.470001,151.119995,150.707748,103296000
1629172800,150.229996,151.679993,149.089996,150.190002,149.780304,92229700
1629259200,149.800003,150.720001,146.149994,146.360001,145.960739,86326000
1629345600,145.029999,148,144.5,146.699997,146.299805,86960300
1629432000,147.440002,148.5,146.779999,148.190002,147.785751,60549600
1629691200,148.309998,150.190002,147.889999,149.710007,149.30162,60131800
1629777600,149.449997,150.860001,149.149994,149.619995,149.211838,48606400
1629864000,149.809998,150.320007,147.800003,148.360001,147.955276,58991300
1629950400,148.350006,149.119995,147.509995,147.539993,147.137512,48597200
1630036800,147.479996,148.75,146.830002,148.600006,148.194641,55802400
1630296000,149,153.490005,148.610001,153.119995,152.702301,90956700
1630382400,152.660004,152.800003,151.289993,151.830002,151.415817,86453100
1630468800,152.830002,154.979996,152.339996,152.509995,152.093964,80313700
1630555200,153.869995,154.720001,152.399994,153.649994,153.23085,71115500
1630641600,153.759995,154.630005,153.089996,154.300003,153.879089,57808700
1630987200,154.970001,157.259995,154.389999,156.690002,156.262573,82278300
1631073600,156.979996,157.039993,153.979996,155.110001,154.686874,74420200
1631160000,155.490005,156.110001,153.949997,154.070007,153.649719,57305700
1631246400,155,155.479996,148.699997,148.970001,148.563614,140893200
1631505600,150.630005,151.419998,148.75,149.550003,149.142044,102404300
1631592000,150.350006,151.070007,146.910004,148.119995,147.715927,109296300
1631678400,148.559998,149.440002,146.369995,149.029999,148.623444,83281300
1631764800,148.440002,148.970001,147.220001,148.789993,148.384094,68034100
1631851200,148.820007,148.820007,145.759995,146.059998,145.66156,129868800
1632110400,143.800003,144.839996,141.270004,142.940002,142.550079,123478900
1632196800,143.929993,144.600006,142.779999,143.429993,143.038727,75834000
1632283200,144.449997,146.429993,143.699997,145.850006,145.452133,76404300
1632369600,146.649994,147.080002,145.639999,146.830002,146.429474,64838200
1632456000,145.660004,147.470001,145.559998,146.919998,146.519211,53477900
1632715200,145.470001,145.960007,143.820007,145.369995,144.973434,74150700
1632801600,143.25,144.75,141.690002,141.910004,141.522873,108972300
1632888000,142.470001,144.449997,142.029999,142.830002,142.440384,74602000
1632974400,143.660004,144.380005,141.279999,141.5,141.113998,89056700
1633060800,141.899994,142.919998,139.110001,142.649994,142.260864,94639600
1633320000,141.759995,142.210007,138.270004,139.139999,138.760437,98322000
1633406400,139.490005,142.240005,139.360001,141.110001,140.725067,80861100
1633492800,139.470001,142.149994,138.369995,142,141.61264,83221100
1633579200,143.059998,144.220001,142.720001,143.289993,142.899109,61732700
1633665600,144.029999,144.179993,142.559998,142.899994,142.510178,58773200
1633924800,142.270004,144.809998,141.809998,142.809998,142.420425,64452200
1634011200,143.229996,143.25,141.039993,141.509995,141.123978,73035900
1634097600,141.240005,141.399994,139.199997,140.910004,140.52562,78762700
1634184000,142.110001,143.880005,141.509995,143.759995,143.367828,69907100
1634270400,143.770004,144.899994,143.509995,144.839996,144.444885,67940300
1634529600,143.449997,146.839996,143.160004,146.550003,146.150223,85589200
1634616000,147.009995,149.169998,146.550003,148.759995,148.354187,76378900
1634702400,148.699997,149.75,148.119995,149.259995,148.852829,58418800
1634788800,148.809998,149.639999,147.869995,149.479996,149.07222,61421000
1634875200,149.690002,150.179993,148.639999,148.690002,148.284393,58883400
1635134400,148.679993,149.369995,147.619995,148.639999,148.234528,50720600
1635220800,149.330002,150.839996,149.009995,149.320007,148.912674,60893400
1635307200,149.360001,149.729996,148.490005,148.850006,148.443954,56094900
1635393600,149.820007,153.169998,149.720001,152.570007,152.153809,100077900
1635480000,147.220001,149.940002,146.410004,149.800003,149.391357,124953200
1635739200,148.990005,149.699997,147.800003,148.960007,148.55365,74588300
1635825600,148.660004,151.570007,148.649994,150.020004,149.610764,69122000
1635912000,150.389999,151.970001,149.820007,151.490005,151.076767,54511500
1635998400,151.580002,152.429993,150.639999,150.960007,150.548203,60394600
1636084800,151.889999,152.199997,150.059998,151.279999,151.087509,65463900
1636347600,151.410004,151.570007,150.160004,150.440002,150.248581,55020900
1636434000,150.199997,151.429993,150.059998,150.809998,150.618103,56787900
1636520400,150.020004,150.130005,147.850006,147.919998,147.731781,65187100
1636606800,148.960007,149.429993,147.679993,147.869995,147.681839,4.1e+07
1636693200,148.429993,150.399994,147.479996,149.990005,149.799149,63804000
1636952400,150.369995,151.880005,149.429993,150,149.809128,59222800
1637038800,149.940002,151.490005,149.339996,151,150.807861,59256200
1637125200,151,155,150.990005,153.490005,153.294693,88807000
1637211600,153.710007,158.669998,153.050003,157.869995,157.669113,137827700
1637298000,157.649994,161.020004,156.529999,160.550003,160.345718,117305600
1637557200,161.679993,165.699997,161,161.020004,160.815109,117467900
1637643600,161.119995,161.800003,159.059998,161.410004,161.20462,96041900
1637730000,160.75,162.139999,159.639999,161.940002,161.733948,69463600
1637902800,159.570007,160.449997,156.360001,156.809998,156.610474,76959800
1638162000,159.369995,161.190002,158.789993,160.240005,160.036102,88748200
1638248400,159.990005,165.520004,159.919998,165.300003,165.089676,174048100
1638334800,167.479996,170.300003,164.529999,164.770004,164.560349,152052500
1638421200,158.740005,164.199997,157.800003,163.759995,163.55162,136739200
1638507600,164.020004,164.960007,159.720001,161.839996,161.634064,118023100
1638766800,164.289993,167.880005,164.279999,165.320007,165.10965,107497000
1638853200,169.080002,171.580002,168.339996,171.179993,170.962173,120405400
1638939600,172.130005,175.960007,170.699997,175.080002,174.857224,116998900
1639026000,174.910004,176.75,173.919998,174.559998,174.337875,108923700
1639112400,175.210007,179.630005,174.690002,179.449997,179.221664,115402700
1639371600,181.119995,182.130005,175.529999,175.740005,175.516388,153237000
1639458000,175.25,177.740005,172.210007,174.330002,174.108185,139380400
1639544400,175.110001,179.5,172.309998,179.300003,179.071854,131063300
1639630800,179.279999,181.139999,170.75,172.259995,172.040802,150185800
1639717200,169.929993,173.470001,169.690002,171.139999,170.922241,195432700
1639976400,168.279999,170.580002,167.460007,169.75,169.533997,107499100
1640062800,171.559998,173.199997,169.119995,172.990005,172.769882,91185900
1640149200,173.039993,175.860001,172.149994,175.639999,175.416504,92135300
1640235600,175.850006,176.850006,175.270004,176.279999,176.055695,68356600
1640581200,177.089996,180.419998,177.070007,180.330002,180.10054,74919600
1640667600,180.160004,181.330002,178.529999,179.289993,179.061859,79144300
1640754000,179.330002,180.630005,178.139999,179.380005,179.151749,62348900
1640840400,179.470001,180.570007,178.089996,178.199997,177.973251,59773000
1640926800,178.089996,179.229996,177.259995,177.570007,177.344055,64062300
1641186000,177.830002,182.880005,177.710007,182.009995,181.778397,104487900
1641272400,182.630005,182.940002,179.119995,179.699997,179.471344,99310400
1641358800,179.610001,180.169998,174.639999,174.919998,174.697418,94537600
1641445200,172.699997,175.300003,171.639999,172,171.781143,96904000
1641531600,172.889999,174.139999,171.029999,172.169998,171.950928,86709100
1641790800,169.080002,172.5,168.169998,172.190002,171.970901,106765600
1641877200,172.320007,175.179993,170.820007,175.080002,174.857224,76138300
1641963600,176.119995,177.179993,174.820007,175.529999,175.306641,74805200
1642050000,175.779999,176.619995,171.789993,172.190002,171.970901,84505800
1642136400,171.339996,173.779999,171.089996,173.070007,172.849792,80440800
1642482000,171.509995,172.539993,169.410004,169.800003,169.583939,90956700
1642568400,170,171.080002,165.940002,166.229996,166.018478,94815000
1642654800,166.979996,169.679993,164.179993,164.509995,164.300659,91420500
1642741200,164.419998,166.330002,162.300003,162.410004,162.203354,122848900
1643000400,160.020004,162.300003,154.699997,161.619995,161.414337,162294600
1643086800,158.979996,162.759995,157.020004,159.779999,159.576691,115798400
1643173200,163.5,164.389999,157.820007,159.690002,159.486801,108275300
1643259600,162.449997,163.839996,158.279999,159.220001,159.01741,121954600
1643346000,165.710007,170.350006,162.800003,170.330002,170.113266,179935700
1643605200,170.160004,175,169.509995,174.779999,174.557602,115541600
1643691600,174.009995,174.839996,172.309998,174.610001,174.387817,86213900
1643778000,174.75,175.880005,173.330002,175.839996,175.616257,84914300
1643864400,174.479996,176.240005,172.119995,172.899994,172.679993,89418100
1643950800,171.679993,174.100006,170.679993,172.389999,172.389999,82465400
1644210000,172.860001,173.949997,170.949997,171.660004,171.660004,77251200
1644296400,171.729996,175.350006,171.429993,174.830002,174.830002,74829200
1644382800,176.050003,176.649994,174.899994,176.279999,176.279999,71285000
1644469200,174.139999,175.479996,171.550003,172.119995,172.119995,90865900
1644555600,172.330002,173.080002,168.039993,168.639999,168.639999,98670700
1644814800,167.369995,169.580002,166.559998,168.880005,168.880005,86185500
1644901200,170.970001,172.949997,170.25,172.789993,172.789993,62527400
1644987600,171.850006,173.339996,170.050003,172.550003,172.550003,61177400
1645074000,171.029999,171.910004,168.470001,168.880005,168.880005,69589300
1645160400,169.820007,170.539993,166.190002,167.300003,167.300003,82772700
1645506000,164.979996,166.690002,162.149994,164.320007,164.320007,91162800
1645592400,165.539993,166.149994,159.75,160.070007,160.070007,90009200
1645678800,152.580002,162.850006,152,162.740005,162.740005,141147500
1645765200,163.839996,165.119995,160.869995,164.850006,164.850006,91974200
1646024400,163.059998,165.419998,162.429993,165.119995,165.119995,94869100
1646110800,164.699997,166.600006,161.970001,163.199997,163.199997,83474400
1646197200,164.389999,167.360001,162.949997,166.559998,166.559998,79724800
1646283600,168.470001,168.910004,165.550003,166.229996,166.229996,76678400
1646370000,164.490005,165.550003,162.100006,163.169998,163.169998,83737200
1646629200,163.360001,165.020004,159.039993,159.300003,159.300003,96418800
1646715600,158.820007,162.880005,155.800003,157.440002,157.440002,131148300
1646802000,161.479996,163.410004,159.410004,162.949997,162.949997,91454900
1646888400,160.199997,160.389999,155.979996,158.520004,158.520004,105342000
1646974800,158.929993,159.279999,154.5,154.729996,154.729996,96836300
1647230400,151.449997,154.119995,150.100006,150.619995,150.619995,108732100
1647316800,150.899994,155.570007,150.380005,155.089996,155.089996,92964300
1647403200,157.050003,160,154.460007,159.589996,159.589996,102300200
1647489600,158.610001,161,157.630005,160.619995,160.619995,75615400
1647576000,160.509995,164.479996,159.759995,163.979996,163.979996,123351200
1647835200,163.509995,166.350006,163.009995,165.380005,165.380005,95811400
1647921600,165.509995,169.419998,164.910004,168.820007,168.820007,81532000
1648008000,167.990005,172.639999,167.649994,170.210007,170.210007,98062700
1648094400,171.059998,174.139999,170.210007,174.070007,174.070007,90131400
1648180800,173.880005,175.279999,172.75,174.720001,174.720001,80546200
1648440000,172.169998,175.729996,172,175.600006,175.600006,90371900
1648526400,176.690002,179.009995,176.339996,178.960007,178.960007,100589400
1648612800,178.550003,179.610001,176.699997,177.770004,177.770004,92633200
1648699200,177.839996,178.029999,174.399994,174.610001,174.610001,103049300
1648785600,174.029999,174.880005,171.940002,174.309998,174.309998,78699800
1649044800,174.570007,178.490005,174.440002,178.440002,178.440002,76468400
1649131200,177.5,178.300003,174.419998,175.059998,175.059998,73401800
1649217600,172.360001,173.630005,170.130005,171.830002,171.830002,89058800
1649304000,171.160004,173.339996,169.860001,172.139999,172.139999,77481291
